level,name,yAu,modality,bakedFieldFractionOfAtlasPlane,nativeFieldFractionOfAtlasPlane,nonzeroDisplayFractionOfAtlasPlane,note
lvl-spinal-medulla,Cervicomedullary junction,-50,MRI,0.7505588235294117,1.0,0.698843137254902,"Field/intensity coverage, not segmented brain agreement."
lvl-spinal-medulla,Cervicomedullary junction,-50,CT,0.7505588235294117,0.9868995633187773,0.7439313725490196,"Field/intensity coverage, not segmented brain agreement."
lvl-pyramid-decuss,Medulla - pyramidal decussation,-46,MRI,0.7505588235294117,1.0,0.7110098039215687,"Field/intensity coverage, not segmented brain agreement."
lvl-pyramid-decuss,Medulla - pyramidal decussation,-46,CT,0.7505588235294117,0.9868995633187773,0.7439313725490196,"Field/intensity coverage, not segmented brain agreement."
lvl-sensory-decuss,Medulla - sensory (internal arcuate) decussation,-42,MRI,0.7505588235294117,1.0,0.7084656862745098,"Field/intensity coverage, not segmented brain agreement."
lvl-sensory-decuss,Medulla - sensory (internal arcuate) decussation,-42,CT,0.7505588235294117,0.9868995633187773,0.7439313725490196,"Field/intensity coverage, not segmented brain agreement."
lvl-olivary,Medulla - mid-olivary (open medulla),-34,MRI,0.7505588235294117,1.0,0.6819558823529411,"Field/intensity coverage, not segmented brain agreement."
lvl-olivary,Medulla - mid-olivary (open medulla),-34,CT,0.7505588235294117,0.9868995633187773,0.7439313725490196,"Field/intensity coverage, not segmented brain agreement."
lvl-pontomedullary,Pontomedullary junction (CN VI-VII exits),-24,MRI,0.7505588235294117,1.0,0.683,"Field/intensity coverage, not segmented brain agreement."
lvl-pontomedullary,Pontomedullary junction (CN VI-VII exits),-24,CT,0.7505588235294117,0.9868995633187773,0.7439313725490196,"Field/intensity coverage, not segmented brain agreement."
lvl-pons-caudal,"Pons - lower (CN VI, VII, VIII nuclei)",-18,MRI,0.7505588235294117,1.0,0.6797794117647059,"Field/intensity coverage, not segmented brain agreement."
lvl-pons-caudal,"Pons - lower (CN VI, VII, VIII nuclei)",-18,CT,0.7505588235294117,0.9868995633187773,0.7439313725490196,"Field/intensity coverage, not segmented brain agreement."
lvl-pons-middle,Pons - midpontine (CN V),-8,MRI,0.7505588235294117,1.0,0.7299509803921569,"Field/intensity coverage, not segmented brain agreement."
lvl-pons-middle,Pons - midpontine (CN V),-8,CT,0.7505588235294117,0.9868995633187773,0.7439313725490196,"Field/intensity coverage, not segmented brain agreement."
lvl-pons-rostral,Pons - rostral (superior cerebellar peduncle),2,MRI,0.7505588235294117,1.0,0.7469705882352942,"Field/intensity coverage, not segmented brain agreement."
lvl-pons-rostral,Pons - rostral (superior cerebellar peduncle),2,CT,0.7505588235294117,0.9868995633187773,0.7439313725490196,"Field/intensity coverage, not segmented brain agreement."
lvl-midbrain-ic,Midbrain - inferior colliculus,8,MRI,0.7505588235294117,1.0,0.7499460784313725,"Field/intensity coverage, not segmented brain agreement."
lvl-midbrain-ic,Midbrain - inferior colliculus,8,CT,0.7505588235294117,0.9868995633187773,0.7439313725490196,"Field/intensity coverage, not segmented brain agreement."
lvl-midbrain-sc,Midbrain - superior colliculus (CN III),14,MRI,0.7505588235294117,1.0,0.7490637254901961,"Field/intensity coverage, not segmented brain agreement."
lvl-midbrain-sc,Midbrain - superior colliculus (CN III),14,CT,0.7505588235294117,0.9868995633187773,0.7439313725490196,"Field/intensity coverage, not segmented brain agreement."
lvl-post-comm,Posterior commissure / pretectal,19,MRI,0.7505588235294117,1.0,0.7470392156862745,"Field/intensity coverage, not segmented brain agreement."
lvl-post-comm,Posterior commissure / pretectal,19,CT,0.7505588235294117,0.9868995633187773,0.7439313725490196,"Field/intensity coverage, not segmented brain agreement."
lvl-thalamus-mid,Diencephalon - thalamic teaching level,28,MRI,0.7505588235294117,1.0,0.7487647058823529,"Field/intensity coverage, not segmented brain agreement."
lvl-thalamus-mid,Diencephalon - thalamic teaching level,28,CT,0.7505588235294117,0.9868995633187773,0.7439313725490196,"Field/intensity coverage, not segmented brain agreement."
lvl-thalamus-rostral,Diencephalon - rostral teaching level,36,MRI,0.7505588235294117,1.0,0.7482303921568627,"Field/intensity coverage, not segmented brain agreement."
lvl-thalamus-rostral,Diencephalon - rostral teaching level,36,CT,0.7505588235294117,0.9868995633187773,0.7439313725490196,"Field/intensity coverage, not segmented brain agreement."
lvl-tel-thalamostriate,Telencephalon - thalamostriate groove / body of lateral ventricle,48,MRI,0.7505588235294117,1.0,0.7483725490196078,"Field/intensity coverage, not segmented brain agreement."
lvl-tel-thalamostriate,Telencephalon - thalamostriate groove / body of lateral ventricle,48,CT,0.7505588235294117,0.0,0.0,"Field/intensity coverage, not segmented brain agreement."
lvl-tel-basal-ganglia,Telencephalon - basal ganglia and internal capsule,58,MRI,0.7505588235294117,1.0,0.7441813725490196,"Field/intensity coverage, not segmented brain agreement."
lvl-tel-basal-ganglia,Telencephalon - basal ganglia and internal capsule,58,CT,0.7505588235294117,0.0,0.0,"Field/intensity coverage, not segmented brain agreement."
lvl-tel-centrum-semiovale,Telencephalon - centrum semiovale,68,MRI,0.7505588235294117,1.0,0.7415294117647059,"Field/intensity coverage, not segmented brain agreement."
lvl-tel-centrum-semiovale,Telencephalon - centrum semiovale,68,CT,0.7505588235294117,0.0,0.0,"Field/intensity coverage, not segmented brain agreement."
lvl-tel-convexity,Telencephalon - high convexity (cortical ribbon),78,MRI,0.7505588235294117,1.0,0.7025539215686275,"Field/intensity coverage, not segmented brain agreement."
lvl-tel-convexity,Telencephalon - high convexity (cortical ribbon),78,CT,0.7505588235294117,0.0,0.0,"Field/intensity coverage, not segmented brain agreement."
